<application>
  <component name="MaterialThemeConfig">
    <option name="allowDataCollection" value="true" />
    <option name="isContrastMode" value="true" />
    <option name="isHighContrast" value="true" />
    <option name="isWizardShown" value="true" />
    <option name="overrideAccentColor" value="true" />
    <option name="pristineConfig" value="false" />
    <option name="accentColor" value="009688" />
    <option name="selectedTheme" value="CUSTOM" />
    <option name="userId" value="-1f3ec436:16ab3ddab42:-8000" />
    <option name="version" value="3.9.4" />
  </component>
</application>